,word,frequency
0,!,1
1,!!Will,1
2,!!Zindagi,1
3,!?In,1
4,!Do,1
5,!United,1
6,"""Easy",1
7,#BeatBobbyFlay,1
8,#Food,1
9,#Foodieincarnate,3
10,#McDelivery,1
11,#McDonalds,1
12,#McDonaldsinIndia,1
13,#MuttonKorma,1
14,#OrderSafelyDonâ€™t,1
15,#QuarantineFoodDelivery,1
16,#QuestlovesPotluck,1
17,#RestaurantImpossible,1
18,#StayHome,1
19,#StayHomeStaySafe,1
20,#StaySafe,1
21,"#TheKitchen,",1
22,#WeCook,3
23,#WithMe,1
24,#WorstCooks,2
25,#asmr,1
26,#asmrfood,1
27,#bamboo,1
28,#biryani,1
29,#chickenkorma,1
30,#dal,1
31,#dilsefoodie,10
32,#eidmubarak,2
33,#food,3
34,#foodie,6
35,#foodieincarnate,6
36,#foodiesofinstagram,2
37,#frankie,2
38,#frankielove,1
39,#frenchtoast,1
40,#guitar,1
41,#homemade,1
42,#howtomakepaneer,1
43,#imlovinit,1
44,#indian,1
45,#indiancuisine,4
46,#indianfood,1
47,#instagram,1
48,#kheerpuda,1
49,#lockdown,1
50,#mumbaifoodie,1
51,#mumbaistreetfood,1
52,#muttoncurry,1
53,#muttonkorma,1
54,#mylockdownburger.Â Five,1
55,#mylockdownburgerâ–ªFollow,1
56,#nagpur,1
57,#odisha,2
58,#paneer,1
59,#pizza,2
60,#pizzalover,1
61,#puri,1
62,#recipe,3
63,#recipes,2
64,#samosa,1
65,#sanjyotkeer,6
66,#stayhome,4
67,#staysafe,4
68,#streetfood,2
69,#sweet,2
70,#tikki,1
71,#virtualiftaar,1
72,#yummy,1
73,&,33
74,(,1
75,(Coorg,1
76,(Dry,1
77,(You,1
78,(curry,1
79,(depend,1
80,(half,1
81,(just,1
82,(mandatory):â–ªÂ Video,1
83,(sliced)Green,1
84,(slit,1
85,(the,1
86,(under,1
87,(via,1
88,(water,1
89,(with,1
90,)-100g,1
91,)A,1
92,*Vouchers,1
93,+,2
94,-,12
95,-150ml,1
96,.,3
97,...,1
98,....,1
99,....@bigfatsandwichindia,1
100,...This,1
101,..Order,1
102,..â€¢,1
103,.1),1
104,.Catch,1
105,.Contest,1
106,.Here,1
107,.Sardar,1
108,.Save,1
109,.This,1
110,/,1
111,1,6
112,1.,2
113,1/2,1
114,10,3
115,100%,1
116,10a|9c!Save,1
117,10|9c,1
118,11a|10c!.,1
119,15,1
120,"16,",1
121,19,1
122,1943,1
123,2,4
124,2-3,4
125,"2-3minutes,",1
126,2.,2
127,20,2
128,20-30,1
129,24hrs,1
130,29,1
131,2tbsp,1
132,2tsp,1
133,3,2
134,3.,1
135,3/4th,1
136,30,2
137,30-60,1
138,33%,2
139,3:,1
140,3hours,1
141,4.,1
142,4:,1
143,4Ingredients:Mutton,1
144,4tbsp,1
145,4|3c!Save,1
146,5,1
147,5.,1
148,5:,1
149,6.30,1
150,60,1
151,64%,2
152,7.,1
153,8.,1
154,9.,1
155,90,1
156,9|8c,2
157,9|8c.,1
158,:,3
159,>,2
160,?Tag,1
161,@,4
162,@BobbyFlay)Bobby,1
163,@ChefIrvine,1
164,@ChefSymonğŸ´The,1
165,@FoodNetworkKitchen,5
166,@KatieLeeKitchen,1
167,"@ThePioneerWoman,",1
168,@allthingschocolates,2
169,@bharatzkitchen,1
170,@blackthought,1
171,@caarafood,1
172,@chefanneburrell,1
173,@cheftejasvichandela,1
174,@evalongoria,1
175,@figandmapledelhi,1
176,@foodnetworkkitchen,1
177,@geetasfoodielife,1
178,@georgelopez,1
179,@giadadelaurentiis)Craving,1
180,@luckyladyblossomVideo,1
181,@miampatisserie,1
182,@mr.bartrenderThe,1
183,@mspattilabelle,1
184,@oliviawilde,1
185,@pigout_coorgkitchen,1
186,@questlovesfood,1
187,@roywoodjr,1
188,@sanjyotkeer,3
189,@sanjyotkeerHome-made,1
190,@sanjyotkeerIf,1
191,@sanjyotkeerKhasta,1
192,@sillysoulscafe,1
193,@tylerflorence,1
194,@weknowpizza,1
195,@wellsadams,1
196,@zooeydeschanel,1
197,A,1
198,Aaj,2
199,Add,9
200,After,2
201,Al,1
202,All,4
203,Aloo,1
204,Also,2
205,And,5
206,Are,4
207,As,2
208,At,2
209,BBQ,1
210,BHAJIğŸ¤¤ğŸ‡®ğŸ‡³,1
211,BUTTERY,1
212,Bamboo,1
213,Banao,1
214,Bangalore,1
215,Bangalore.,1
216,Basil,1
217,Bedmi,2
218,Bedmi).,1
219,Best,1
220,Bhaji,2
221,"Bhavan,",1
222,Big,2
223,Biryani,1
224,Boot,1
225,Bread,2
226,Breakfast,1
227,Brown,1
228,But,2
229,CARAMEL,1
230,COVID,1
231,COVID-19,1
232,CUSTARD,1
233,"Cafe,",1
234,Cake,1
235,"California,",1
236,Camp,1
237,Celebrity,2
238,Chaat,1
239,Champaran,1
240,Chapati,1
241,Chapati..This,1
242,Chef,7
243,Chefâ€™s,1
244,Chicken,3
245,Chill,1
246,Chocolate,2
247,Chole,2
248,Class,1
249,Coarse,1
250,Cocktail,1
251,Coming,1
252,Communicate,1
253,Cooking-at-Home,1
254,Coorg,1
255,Cover,1
256,Covid,1
257,Cream,1
258,Credit,1
259,Criteria,1
260,Crust,2
261,CurryTag,1
262,Cut,1
263,Dal,1
264,Day:,2
265,Deep,1
266,Delhi,4
267,Delhi-ncrâ¤â¤,1
268,Delhi.,1
269,Dhaba,1
270,Dip,1
271,Dissolve,1
272,Do,2
273,Don't,2
274,Dose',1
275,Dry,1
276,E,2
277,EASY,1
278,EID,1
279,East,2
280,Easy,2
281,Edition,2
282,Egg,4
283,Eid,3
284,Eid!...,1
285,Enjoy,3
286,"Escondido,",1
287,Evening.,1
288,Everything,1
289,Extra,2
290,Facebook,1
291,"Facebook,",1
292,Facebook.,2
293,Fans,1
294,Fat,1
295,Favourites,1
296,Festival,1
297,File,1
298,Follow,1
299,Food,3
300,Foodie,1
301,Forewarning:,1
302,French,1
303,Friends,2
304,Fruit,1
305,Fry,1
306,Galleria,1
307,Garlic,1
308,Ghar,1
309,Giadaâ€™s,1
310,GinÂ ğŸ˜œ),1
311,Good,1
312,Gooey,1
313,Grind,1
314,Gulabjamun,1
315,Gurgaon.,1
316,HEAVENLY,1
317,Had,1
318,HaiSpecial,1
319,Hash,1
320,Have,1
321,He,1
322,Heat,2
323,Hey,1
324,Highly,2
325,Home-made,2
326,Homemade,1
327,Hope,1
328,Hotel,1
329,I,22
330,I'm,1
331,IFTAAR,1
332,IGTV,1
333,INDIA'S,1
334,If,2
335,Iftaar,3
336,Iftaari!?,1
337,In,3
338,India,2
339,Indians,1
340,Instant,1
341,Irish-Italian,1
342,Is,1
343,It,2
344,It's,1
345,Itâ€™s,4
346,Jawahar,1
347,June.,1
348,Jungle,1
349,Just,1
350,Kachampulli,1
351,"Kaitlyn,",1
352,Kal,1
353,Kala,1
354,Karim's,1
355,Keep,2
356,"Khatta,",1
357,Kheer,1
358,Khulta,1
359,Ki,1
360,Kids,2
361,Korma,8
362,Kulche,1
363,KulcheğŸ˜ğŸ˜,1
364,Lemon,1
365,Let,2
366,Line,1
367,Locations:,1
368,Lovers,1
369,MALAI,1
370,MEHFIL,1
371,MOST,1
372,Make,2
373,Malabar,1
374,Malai,2
375,Mango,2
376,Marini,1
377,Masala,1
378,"McDonaldsinIndiaÂ Facebook,Â Instagram,Â andÂ YouTube.â–ªTag",1
379,McDonaldâ€™s,2
380,Me,2
381,Meal,2
382,Mehfil,2
383,Menu,1
384,Milk,1
385,Minimum,1
386,Missing,2
387,MissingğŸ™„.,1
388,Mix,3
389,Moong,1
390,Mubarak,1
391,Mubarakâ˜ªï¸ğŸ¤²ğŸ»,1
392,Mumbai,2
393,"Mumbai,",1
394,Must,2
395,Mutton,9
396,MuttonIn,1
397,My,2
398,NH,1
399,Nana,1
400,North,1
401,Now,2
402,OREO,1
403,Odisha,2
404,Old,2
405,One,1
406,Ooops,1
407,Or,1
408,Orange,1
409,P.S.,1
410,PAV,1
411,PUDDINGğŸ®ğŸ®,1
412,Pair,1
413,Paneer,1
414,Pao,1
415,Pav,1
416,Pe,1
417,Peas,1
418,Pepper,1
419,Pickles,1
420,Pizza,4
421,Place,1
422,Porchetta,1
423,Pot,1
424,Pour,2
425,Priced,1
426,"Project""",1
427,Puda,1
428,Puri,1
429,Quick,3
430,REALLY,1
431,RECIPEğŸ˜ğŸ˜,1
432,ROLL,1
433,Rainbows,1
434,Ramadan,1
435,Rampal,1
436,Ras,1
437,Read,2
438,Recipe,4
439,Recipe:,1
440,RecipeAb,1
441,RecipeEID,1
442,RecipeSimple,1
443,Respect,1
444,Restaurant,1
445,"Restaurant,",1
446,Rice,1
447,Roll,4
448,Rosie's,1
449,Rs,1
450,Sabzi,1
451,Sajid,1
452,Samosa,2
453,Saturdays,2
454,Save,2
455,Separate,1
456,Serve,1
457,Setting,1
458,Shyam,1
459,Sirf,1
460,So,2
461,Soda,1
462,Sooji,1
463,Special,2
464,Sreshtha,1
465,Stay,2
466,Step,1
467,Stout,2
468,Street,2
469,Style,4
470,Sundae,1
471,Sunday,2
472,"Sunday,",1
473,"Sweets,",1
474,Symon's,1
475,THAT'S,1
476,Tag,2
477,Tamarind,1
478,"Tardeo,",1
479,Tell,2
480,Texas,1
481,Thali,1
482,Thank,1
483,The,18
484,Then,1
485,There's,1
486,They,2
487,Thick,1
488,Thin,2
489,This,3
490,Thursday,1
491,Tikki,1
492,TikkiğŸ¤©ğŸ¤©,1
493,Till,1
494,To,2
495,Toast,1
496,Tomorrow,1
497,Torta,2
498,Trupti,1
499,Try,4
500,Tuscan,1
501,Unicorns,1
502,VIRTUAL,1
503,Value,2
504,Vidyarthi,1
505,View,1
506,"Vihar,",1
507,Virtual,2
508,Vodka,1
509,Wala,1
510,We,1
511,Weekend,1
512,Well,1
513,Western.,1
514,What's,1
515,When,3
516,Whenever,1
517,Which,2
518,Whisk/stir,1
519,Who,1
520,Written,1
521,Yalla,1
522,Ye,1
523,You,10
524,You're,1
525,YouTube,3
526,YouTube.,1
527,Your,1
528,Youtube,1
529,_,1
530,a,62
531,about,2
532,absolutely,1
533,accepting,1
534,accident,1
535,across,1
536,actually,2
537,add,10
538,addition,1
539,addresses.,1
540,after,2
541,afternoon,1
542,again!,1
543,air,2
544,all,5
545,"all,",1
546,all-new,2
547,all-star,1
548,allow,2
549,along,2
550,aloo,3
551,also,11
552,always,2
553,always.,1
554,am,1
555,amazing,1
556,"amazing,",1
557,amazing.,2
558,amongst,1
559,an,5
560,and,76
561,announced,1
562,any,3
563,anyone,1
564,anything,1
565,"aoili,",1
566,app,1
567,app.,5
568,"application,",1
569,are,14
570,are@dilsefoodie@luckyladyblossom@he_cook_she_eat@geetasfoodielife@chatpati_shikha@chefrehman@foodconnectindia@foodjournal_mumbai@mistertikku.Concept,1
571,art.,1
572,arugulağŸ¤¤ğŸ˜,1
573,as,13
574,aside.4),1
575,aspects,1
576,at,22
577,attempts.,1
578,available,1
579,away,1
580,back,4
581,background,1
582,badly,1
583,bagel,1
584,baker,1
585,baking,4
586,balls,2
587,banana,4
588,bare,1
589,baseâ¤â¤,1
590,basil,1
591,batch,1
592,bathing,1
593,be,13
594,beat,1
595,become,1
596,bedmi,1
597,been,1
598,beetroot,1
599,before,4
600,begins,1
601,being,2
602,believe,1
603,beloved,1
604,below,1
605,best,1
606,better.,1
607,between,2
608,bhaji,2
609,bhaji.,1
610,big,1
611,biggest,1
612,biscuit,2
613,biscuits,1
614,biscuits.2),1
615,bit,1
616,black,1
617,blend,2
618,blended,1
619,blender,1
620,blocks,1
621,board:,1
622,body,1
623,boiled,1
624,"boils,",1
625,bone)Onion,1
626,both,3
627,bowl,1
628,bowl.,1
629,bowls.,1
630,box....,1
631,boys,2
632,bread,5
633,bread.,1
634,breadcrumbs,1
635,breakfast,1
636,breakfast!,1
637,bring,1
638,bringing,1
639,brings,2
640,brown.,1
641,browns!,1
642,bubble,1
643,burger,1
644,busters,1
645,but,4
646,butter,4
647,butter-big,1
648,butter.,3
649,by,12
650,can,21
651,cannot,1
652,caption,1
653,caramel,3
654,case,1
655,catalogue,1
656,category!,1
657,celebrate,1
658,celebration,1
659,chaat,1
660,challenge!!Â Show,1
661,champion,1
662,chance,1
663,chapati,2
664,check,1
665,checks,1
666,cheese,2
667,chef's,1
668,chefâ€™s,1
669,chicken,2
670,chilled,2
671,chilli,2
672,chocolate,5
673,chocolate.Ingredients,1
674,chocolatey?,1
675,choice,2
676,choice.,1
677,chole,2
678,chopped,1
679,chunks,1
680,chutney.,1
681,"chutneys,",1
682,cinema,1
683,circular,1
684,"cities,",1
685,cityâ€™s,1
686,claim,1
687,class,1
688,classic,1
689,cleaning,1
690,coconut,3
691,color,1
692,color.,1
693,come,2
694,comes,2
695,comfort,1
696,coming,3
697,comments,1
698,comments...,1
699,complete,1
700,completely.6),1
701,concern,1
702,condensed,2
703,consistency.3),1
704,consistent,1
705,constantly,1
706,contactless,1
707,continue,1
708,cook,2
709,cooked,5
710,cooked.,3
711,cooked.Ensure,1
712,cooker),1
713,cooking,4
714,cools,1
715,counter,1
716,country.,1
717,cover,1
718,craving,2
719,"cravings,",1
720,crazy,1
721,cream,4
722,"cream,",1
723,cream.,1
724,create,1
725,crisp,4
726,crisp.,1
727,crispy,4
728,crowded.,1
729,crust.,2
730,culture,1
731,cup,2
732,cups,1
733,currently,1
734,custard,3
735,custatd,1
736,customers,2
737,"customers,",1
738,customers.,1
739,cut,1
740,"cut,",1
741,cylinderical,1
742,daal,1
743,dal,3
744,dance,1
745,dark,2
746,days?,1
747,decided,1
748,decompose,1
749,delicious,7
750,delicious.,2
751,deliveries,1
752,delivering,2
753,delivery,4
754,"delivery,",1
755,delivery/,1
756,description,1
757,dessert,1
758,dessicated,2
759,did,3
760,difference,2
761,dine-in,1
762,directly,1
763,disasters,1
764,discard,1
765,dish)Serves,1
766,dishes,1
767,dispenser,1
768,dissolved,1
769,divide,1
770,do,5
771,do.,2
772,doable,1
773,does,3
774,doors,1
775,doorstep!To,1
776,dosa,3
777,dosas,2
778,doston,1
779,dough,7
780,dough.4),1
781,down,3
782,"down,",1
783,drink,1
784,dry,3
785,due,1
786,eases,1
787,easily,2
788,easilyğŸ¤—ğŸ¤—.1),1
789,easy,2
790,"easy,",1
791,eat,1
792,eaten,3
793,eateries,1
794,"eatery,",1
795,eco,1
796,eco-friendly,1
797,eco-friendlyğŸ˜ğŸ˜,1
798,editing,1
799,end,1
800,enjoy,3
801,enjoy!,1
802,ensure,2
803,entire,1
804,episode,1
805,episodes,1
806,equal,1
807,established,1
808,even,4
809,everyday;,1
810,everyone,2
811,everything,1
812,evidence,1
813,exciting,1
814,experience,2
815,exterior,1
816,extra,2
817,family,2
818,"family,",1
819,family..Â Winners,1
820,famous,1
821,fan,1
822,"farms,",1
823,faves!,1
824,favorite,1
825,favourite,4
826,favouriteÂ @allthingschocolates,1
827,feed,1
828,festivals,1
829,few,2
830,filling,1
831,"filling,",1
832,finalising,1
833,find,3
834,first,2
835,flame,4
836,flame.,1
837,flavor,2
838,flavorings,1
839,flavour.,1
840,fluffy,1
841,focus,1
842,foil,2
843,follow,1
844,following,1
845,food,11
846,food.There,1
847,for,38
848,form,1
849,free,1
850,fresh,2
851,fridge,2
852,friend,1
853,friendly,3
854,friends,3
855,from,9
856,front,1
857,fruits,1
858,"fruits,",1
859,fry,3
860,fry.,1
861,frying,1
862,fryingKachampulli,1
863,fudge,1
864,fudge!@cheftejasvichandela,1
865,fudge/brigadeiroIn,1
866,full,3
867,fully,1
868,fun,1
869,further,1
870,fusion,1
871,"future!!..Yep,",1
872,garlic,3
873,garnish,1
874,gesture.,1
875,get,2
876,get.,1
877,ghar,1
878,ginger,1
879,give,4
880,giving,1
881,glad,1
882,glassGarnish,1
883,go,3
884,go-to,1
885,goes,1
886,going,1
887,golden,1
888,gonna,1
889,good,3
890,good.,1
891,gorge,1
892,gourmet,1
893,gram,1
894,great,2
895,green,2
896,grindGinger-,1
897,guests,1
898,guide,1
899,gulabjamunğŸ¤—ğŸ¤—..,1
900,"guys,",1
901,habibi,1
902,habit,1
903,had,6
904,"had,",1
905,haldi.,1
906,half,2
907,half)Black,1
908,hand,1
909,handling,1
910,hands,2
911,happiness,1
912,happy,1
913,has,6
914,hash,1
915,have,14
916,haven't,2
917,he,1
918,heading,1
919,healthy,3
920,"healthy,",1
921,heaped,1
922,heat,1
923,heat.6.,1
924,heaven!,1
925,help,2
926,her,1
927,here,4
928,"here,",1
929,here.ğŸ¤—ğŸ¤—.,1
930,hidden,2
931,high,1
932,hilarious,1
933,his,3
934,home,7
935,home!,1
936,home.,1
937,home.An,1
938,homes,2
939,host,1
940,hot,3
941,hotğŸ¤—ğŸ¤—.,1
942,hour,1
943,"hours,",1
944,hours.,1
945,hours.8),1
946,how,2
947,hum,1
948,humble,1
949,hummus,1
950,hundreds,1
951,hurry,1
952,hygiene,2
953,i,7
954,i'm,2
955,icing,1
956,iconic,1
957,idea,2
958,ideal,1
959,ideas,1
960,if,6
961,iftaar,1
962,in,71
963,in!,1
964,in.,1
965,incorporate,2
966,indulgent,1
967,indulging,1
968,ingredient,1
969,ingredient!,1
970,ingredients,5
971,injured,1
972,insane,1
973,insanely,1
974,instead,2
975,intense,1
976,intervals,1
977,into,7
978,is,39
979,issue,1
980,it,38
981,it's,3
982,it).,1
983,"it,",1
984,it.,2
985,it.â¤ğŸ¤—.,1
986,its,3
987,itâ€™s,2
988,jar,1
989,join,1
990,juice,2
991,just,5
992,kachampulli,1
993,kadhai.2),1
994,karenge,1
995,ke,1
996,keep,2
997,keeps,1
998,ketchup,1
999,kg,1
1000,kheer,4
1001,kheer.ğŸ‘ğŸ»ğŸ‘ğŸ».,1
1002,ki,2
1003,kicking,1
1004,kids,2
1005,kids.,2
1006,kills,1
1007,kitchen,5
1008,knead,1
1009,know,2
1010,know.,1
1011,kulche,1
1012,kulche.,1
1013,last,1
1014,late,1
1015,leaf,2
1016,"leaf..tasty,",1
1017,least,2
1018,leaves,2
1019,leaves.,1
1020,leavesÂ Lemon,1
1021,left,1
1022,let,5
1023,life,1
1024,life.,1
1025,"lifting,",1
1026,like,8
1027,lime.Tip,1
1028,limited,1
1029,line,1
1030,liquid,1
1031,liquid.,1
1032,lit)..,1
1033,literally,1
1034,little,3
1035,"little,",1
1036,lives,1
1037,loads,1
1038,local,1
1039,lock,2
1040,lockdown,2
1041,locked,1
1042,long,2
1043,long-standing,1
1044,longer,2
1045,looking,1
1046,lot,1
1047,lots,1
1048,love,6
1049,loves,1
1050,loveâ¤â¤â¤â¤.Tag,1
1051,low,1
1052,made,2
1053,maida,1
1054,major,1
1055,make,12
1056,makes,1
1057,making,1
1058,malabar,1
1059,manayenge,1
1060,mango,2
1061,many,3
1062,marathon,1
1063,marinated,1
1064,masala,4
1065,massacre,1
1066,match,1
1067,materials,1
1068,me,2
1069,me.,1
1070,meals.,1
1071,meat,3
1072,"meat,",1
1073,medium,5
1074,melt,1
1075,melt-in-mouth,1
1076,menu,2
1077,milk,7
1078,milk-450g,1
1079,milk.,1
1080,mine.,1
1081,minimum,1
1082,minute)â–ªHashtags,1
1083,minutes,1
1084,minutes.,1
1085,minutes.8),1
1086,miss,3
1087,missing,3
1088,mistakenly,1
1089,mix,4
1090,mixing,1
1091,mixing.,1
1092,mixture,1
1093,mixture.,1
1094,mixture.6),1
1095,ml,4
1096,mlIceÂ Glass:,1
1097,moist.,1
1098,more,5
1099,"morning,",1
1100,most,2
1101,most-failed,1
1102,motorcycle,1
1103,mould/dish.2),1
1104,mould/dish.7),1
1105,"mountains,",1
1106,mouth.,1
1107,much,3
1108,music,1
1109,mutton,1
1110,"mutton,",1
1111,my,5
1112,nahi,1
1113,names,1
1114,near,1
1115,need,2
1116,new,2
1117,no,1
1118,not,10
1119,note,1
1120,notes,1
1121,nothing,2
1122,now,5
1123,now.,2
1124,now.Step,1
1125,"nowadays,",1
1126,nuts,1
1127,of,66
1128,off,1
1129,oil,3
1130,on,28
1131,once,1
1132,one,6
1133,one.,1
1134,onion,1
1135,onions,1
1136,only,2
1137,only.,1
1138,open,2
1139,opening,1
1140,operations,1
1141,or,14
1142,order,2
1143,ordering,1
1144,orders,1
1145,oreo,1
1146,other,1
1147,our,12
1148,out,9
1149,outlet!!,1
1150,outside,1
1151,over,1
1152,overburdened,1
1153,overflowing,1
1154,own,1
1155,owner,1
1156,packaging*As,1
1157,"packaging,",1
1158,palya,1
1159,pan,1
1160,"pan,",1
1161,pan.,1
1162,paneer,6
1163,pao,1
1164,paper,2
1165,particular,1
1166,partner!,1
1167,party,1
1168,paste,2
1169,"paste,",1
1170,pavs,1
1171,pending,1
1172,people,2
1173,pepper,1
1174,pepper.,1
1175,perfect,1
1176,phase,1
1177,pick-up,1
1178,pick-up!,1
1179,"pickle,",1
1180,pickles,1
1181,pictures,1
1182,pieces,1
1183,pinch,2
1184,pizza,9
1185,place,3
1186,plain,2
1187,planning:,1
1188,plastic,4
1189,plastic.,1
1190,plate.ğŸ¤¤,1
1191,plates,1
1192,platforms.,1
1193,plus,2
1194,point,1
1195,"politics,",1
1196,poori,1
1197,porchetta,1
1198,pork,1
1199,pot.,1
1200,potatoes,1
1201,powder,4
1202,powder.,1
1203,powder.3),1
1204,praising,1
1205,prefer,1
1206,preference,1
1207,prep,3
1208,preparation,1
1209,prepare,3
1210,prepared,1
1211,prepped,2
1212,pressure,1
1213,pro,1
1214,process,1
1215,proportions,1
1216,protein,1
1217,protocol,1
1218,protocols:,1
1219,proves,1
1220,pulled,1
1221,puree,1
1222,put,2
1223,quality.,1
1224,quality.Step,1
1225,quarantine,1
1226,quick,9
1227,quickly,1
1228,quickly.,1
1229,rabri,1
1230,raftaarJaate,1
1231,random,2
1232,ravioli?,1
1233,read,1
1234,really,5
1235,recipe,24
1236,recipe!..,1
1237,recipe!...,1
1238,"recipe,",3
1239,recipe.,3
1240,recipes,1
1241,recipes.Also,1
1242,recipeğŸ¤—ğŸ¤—.1),1
1243,recommended,1
1244,recommended.â¤ğŸ‘ğŸ».,1
1245,recommended.ğŸ‘ğŸ»ğŸ‘ğŸ».,1
1246,redeemed,1
1247,reduce,2
1248,referring,2
1249,refreshing,1
1250,regular,1
1251,regularly,2
1252,remain,1
1253,remaining,1
1254,remembered,1
1255,removed),1
1256,reopen,1
1257,replaced,1
1258,replacing,1
1259,require,1
1260,required,1
1261,requirement,1
1262,requires,2
1263,restaurant,4
1264,restaurant/,1
1265,restaurants,2
1266,restrictions,1
1267,result,1
1268,right,2
1269,right!,1
1270,risk,1
1271,"rivers,",1
1272,roadside,1
1273,roll,5
1274,"roll,",2
1275,roots.,1
1276,sabzi,2
1277,safe,1
1278,safe!,1
1279,safe.Step,1
1280,safety,3
1281,sale,1
1282,salt,4
1283,salt.Steps,1
1284,samosa,1
1285,samosa.,1
1286,"samosas,",1
1287,samosas.,1
1288,sanely,1
1289,sanitisation:,1
1290,sanitise,1
1291,sanitiser,2
1292,sauce,4
1293,"sauce,",1
1294,sauce.,3
1295,saucepan,1
1296,saucepan.,1
1297,savory,1
1298,schezwan,1
1299,seas..you,1
1300,season!,1
1301,second,1
1302,seconds,2
1303,secret,1
1304,see,2
1305,selection,1
1306,send,1
1307,separate,2
1308,separated,1
1309,series,1
1310,serve,3
1311,serve.,1
1312,served,5
1313,serves,1
1314,services,1
1315,serving,3
1316,"serving,",2
1317,set,1
1318,setting,1
1319,settle,1
1320,shaken,1
1321,shape,1
1322,shape.5),1
1323,shape.6),1
1324,share,1
1325,shares,1
1326,sharing,1
1327,show,1
1328,side.5),1
1329,similar,1
1330,simple,2
1331,sit,1
1332,size,1
1333,"skills,",1
1334,skip,1
1335,slab,1
1336,slathered,1
1337,sliceMethod,1
1338,slices(edges,1
1339,slow,1
1340,smoked,1
1341,smooth,2
1342,so,13
1343,soaking,1
1344,soft,1
1345,"soft,",1
1346,some,19
1347,something,2
1348,"sooji,",1
1349,soon,1
1350,soon!,1
1351,sounds,1
1352,sour,1
1353,special,1
1354,spicy,1
1355,spirit,1
1356,squeeze,1
1357,squeezing,1
1358,staff,2
1359,staff.Step,1
1360,stand,1
1361,start,2
1362,started,1
1363,starts,1
1364,stay,2
1365,steam,1
1366,still,3
1367,stock,1
1368,storyğŸ‘‡ğŸ»ğŸ‘‡ğŸ».'Masala,1
1369,storyğŸ‘‡ğŸ»ğŸ‘‡ğŸ».While,1
1370,street,1
1371,strength,1
1372,strict,1
1373,stuck,1
1374,style,2
1375,styles,2
1376,such,1
1377,sugar,3
1378,sugar.,1
1379,suggest,1
1380,summers.,1
1381,sunrise,1
1382,super,4
1383,sure,2
1384,surface,1
1385,sweet,1
1386,sweeter,1
1387,sweets,1
1388,swipe,1
1389,switch,1
1390,table.,1
1391,taco,1
1392,take,2
1393,takeaway,1
1394,taken,1
1395,takeout.Ps.,1
1396,tamarind,1
1397,taste,4
1398,taste.,1
1399,tasteOil,1
1400,tastiest,2
1401,tbsp,2
1402,tbspHaldi,1
1403,tbspMethod:,1
1404,tbspORRegular,1
1405,team,1
1406,technique,1
1407,temperature,2
1408,texture,1
1409,tez,1
1410,than,1
1411,that,17
1412,thatâ€™s,2
1413,the,143
1414,their,7
1415,them,8
1416,"them,",1
1417,them.,2
1418,there,2
1419,these,8
1420,these.,1
1421,they,3
1422,thi,1
1423,thick,3
1424,thicken.3),1
1425,things,1
1426,think,1
1427,thinking,1
1428,thirds!,1
1429,this,30
1430,this.,1
1431,thoroughly!,1
1432,those,1
1433,though,1
1434,thought,4
1435,through,1
1436,tikki,1
1437,tikkis,1
1438,tikkis.,1
1439,till,1
1440,time,5
1441,times,1
1442,tin,1
1443,tips,2
1444,tissues,1
1445,to,64
1446,today,1
1447,today!,1
1448,together,1
1449,together.7),1
1450,tonight's,1
1451,too??.Had,1
1452,top,1
1453,totally,1
1454,touch,1
1455,tradition,1
1456,traditional,1
1457,transmitted,1
1458,tried,2
1459,truffle,1
1460,try,4
1461,tspSalt,1
1462,turned,1
1463,turns,1
1464,under,1
1465,unsalted,1
1466,until,1
1467,up,5
1468,"up,",1
1469,up.,1
1470,upload,1
1471,upon,1
1472,us,5
1473,used,4
1474,used:,1
1475,using,4
1476,"usual,",1
1477,vegetables,1
1478,veggies,6
1479,version,5
1480,very,3
1481,via,1
1482,vibes,1
1483,video,3
1484,video!,1
1485,"video,",2
1486,viewers.,1
1487,views,1
1488,vinegar,2
1489,vinegar),1
1490,"vinegar,",1
1491,vinegar.,1
1492,virtualPehle,1
1493,virus,1
1494,"virus,",1
1495,visit,1
1496,visited,1
1497,visitors.For,1
1498,voucher,1
1499,vouchers?ğŸ˜ğŸ˜,1
1500,wait,2
1501,waiting,1
1502,wali,1
1503,want,4
1504,want.4),1
1505,wanting,1
1506,was,10
1507,wash,2
1508,waste,1
1509,watch,2
1510,watched,1
1511,water,1
1512,"water,",1
1513,water.5),1
1514,water/milk,1
1515,waterBasil,1
1516,way,1
1517,we,8
1518,week,1
1519,well,3
1520,well)..,1
1521,"well,",2
1522,well.,2
1523,went,1
1524,weâ€™ve,1
1525,what,2
1526,when,3
1527,where,1
1528,which,3
1529,while,5
1530,white,2
1531,who,2
1532,why,1
1533,will,6
1534,win,2
1535,wish.,1
1536,with,38
1537,with...,1
1538,worth,1
1539,would,6
1540,written,1
1541,year.,1
1542,years.ğŸ˜ğŸ˜¨.But,1
1543,yet,1
1544,yields,1
1545,you,30
1546,"you,",1
1547,your,29
1548,yourself,2
1549,yummy,1
1550,zaatar,1
1551,zomato/swiggy,1
1552,â€˜s,1
1553,â€¢,4
1554,âƒ	Add,1
1555,âƒ	Fry,1
1556,âƒ	Heat,1
1557,âƒ	Once,3
1558,âƒ	Pressure,1
1559,"â‚¹30,",1
1560,âœ…âœ….,1
1561,âœ‹.Keep,1
1562,âœ¨,1
1563,âœ¨âœ¨,1
1564,ğŸŒˆğŸ‰Not,1
1565,ğŸŒ¡ï¸.Mandatory,1
1566,ğŸ”,1
1567,ğŸ—,1
1568,ğŸŸğŸ¥¤ğŸ®,1
1569,ğŸ¨Get,1
1570,ğŸ¸,1
1571,ğŸ’ƒğŸ•º,1
1572,ğŸ’ª,1
1573,ğŸ’¯,1
1574,ğŸ“‹.Plan,1
1575,ğŸ“,1
1576,ğŸ—£ï¸.Reach,1
1577,ğŸ˜.,1
1578,ğŸ˜‹,1
1579,ğŸ˜­ğŸ˜­Tune,1
1580,ğŸ™ˆ.Whether,1
1581,ğŸ¤—ğŸ¤—,1
1582,ğŸ¤—ğŸ¤—.,1
1583,ğŸ¤·â€â™€ï¸.Share,1
1584,ğŸ¥­ğŸ¹,1
1585,ğŸ¥³ğŸ¥³,1
1586,ğŸ§¼.Now,1
